SiteNo,SiteName,EDINum,StreetNam,Town,State,PostCode,Lat,Long,Telephone,DateOpen
1809,Junee Lamb Operations,9300633018092,25 Bessemer Street,Blacktown,New South Wales,2148,-33.751937,150.906207,02 8822 8456,18.04.2000
1872,Thomas Dux Produce Virtual DC,9300633018726,Sydney Markets K Shed,Homebush,New South Wales,2000,-33.862750,151.071816,#,#
1884,So-Good Sausage,9300633018849,62 Kembla Street,Fyshwick,Aust Capital Terr,2609,-35.323109,149.175627,02 6280 5960,24.07.2000
1892,Contingency DC,9300633018924,1 Aviation Drive,Hoxton Park,New South Wales,2171,-33.907942,150.850537,#,22.10.2015
1902,Liquor Contingency DC,9300633019020,7-15 Kellet Close,Erskine Park,New South Wales,3062,-33.819132,150.800549,#,03.10.2017
1903,Americold Arndell Park DC,9300633019037,21 Holbeche Road,Arndell Park,New South Wales,2148,-33.786659,150.874692,02 8811 7355,01.01.1987
1907,Americold (Events),9300633019075,560 Reservoir Road,Prospect,New South Wales,2148,-33.809934,150.920458,02 9688 8283,23.03.2010
1908,Americold Prospect Chilled,9300633019082,560 Reservoir Rd,Prospect,New South Wales,2148,,,#,15.03.2018
1909,Deli / Dairy Division (BMC),9300633019099,15 Bessemer Street,Blacktown,New South Wales,2148,-33.753106,150.906521,02 9678 6873,#
1911,Americold Prospect DC,9300633019112,560 Reservoir Road,Prospect,New South Wales,2148,,,02 9840 5200,23.03.2010
1915,Wyong Transport Office,9300633019150,11 Warren Road,Warnervale,New South Wales,2259,-33.236813,151.424954,#,#
1917,Pegasus Stationery/Wrapping DC,9300633019174,1A Bessemer Street,Blacktown,New South Wales,2148,-33.757799,150.911936,#,01.10.2004
1926,Americold Prospect DC - Milk,9300633019266,560 Reservoir Road,Prospect,New South Wales,2148,,,02 8811 7372,06.09.2011
1930,Wyong RDC - Confectionary/Secu,9300633019303,11 Warren Road,Warnervale,New South Wales,2259,,,#,30.07.2010
1931,Wyong RDC - Aerosols/Requisite,9300633019310,11 Warren Road,Warnervale,New South Wales,2259,,,#,30.07.2010
1933,Wyong RDC - Ambient,9300633019334,11 Warren Road,Warnervale,New South Wales,2259,,,#,04.07.2005
1937,Wyong RDC - Chilled,9300633019372,11 Warren Road,Warnervale,New South Wales,2259,,,#,04.07.2005
1938,Wyong RDC - Milk,9300633019389,11 Warren Road,Warnervale,New South Wales,2259,,,#,24.10.2005
1943,Wyong RDC - Liquor        L240,9300633019433,11 Warren Road,Warnervale,New South Wales,2259,,,#,24.10.2005
1944,Sydney NDC,9300633019440,2 Dursley Rd,Yennora,New South Wales,2161,-33.856445,150.961007,02 9892 7555,01.06.2001
1946,Wyong RDC - Produce,9300633019464,1 Warren Road,Warnervale,New South Wales,2259,-33.233316,151.425421,02 8885 2131,19.10.2005
1947,Sydney RDC - Fresh,9300633019471,69 Sargents Road,Minchinbury,New South Wales,2770,-33.787430,150.815108,02 9675 8100,24.04.2006
1948,Sydney RDC - Seafood,9300633019488,69 Sargents Road,MINCHINBURY,New South Wales,2770,,,02 9675 8100,08.10.2007
1951,Sydney Liquor DC - Securities,9300633019518,29 Sarah Andrews Close,Erskine Park,New South Wales,2759,-33.825070,150.783501,#,18.02.2009
1953,Sydney LDC - Ambient,9300633019532,29 Sarah Andrews Close,Erskine Park,New South Wales,2759,,,#,13.05.2008
1954,Sydney LDC - Liquor       L240,9300633019549,29 Sarah Andrews Close,Erskine Park,New South Wales,2759,,,#,13.05.2008
1955,SLDC - Events,9300633019556,29  Sarah Andrews Close,Erskine Park,New South Wales,2759,,,02 8887 2146,02.04.2012
1959,Wyong RDC - Fresh,9300633019594,11 Warren Road,Warnervale,New South Wales,2259,,,#,24.10.2005
1966,GN Scott Lamb Ops,9300633019662,PO Box 63,Cootamundra,New South Wales,2590,,,Closed,Closed
1967,Tatura Lamb Ops,9300633019679,PO Box 320,Patterson Lakes,Victoria,3197,-38.073388,145.142859,#,#
1973,Sydney LIQ NDC - SCE Test DC 1,9300633019730,29 Sarah Andrews Close,Erskine Park,New South Wales,2759,,,88850500,#
1979,Sydney RDC - Ambient,9300633019792,69 Sargents Road,Minchinbury,New South Wales,2770,,,02 9675 8100,13.02.1998
1983,Sydney RDC - CARS,9300633019839,69 Sargents Road,Minchinbury,New South Wales,2770,,,02 9675 8100,13.06.2005
1986,Sydney RDC - Produce,9300633019860,69 Sargents Road,Minchinbury,New South Wales,2770,,,02 9675 8100,01.05.2007
1987,Sydney RDC - Chilled,9300633019877,69 Sargents Road,Minchinbury,New South Wales,2770,,,02 9675 8100,06.03.2006
1988,Sydney RDC - Meat,9300633019884,69 Sargents Road,Minchinbury,New South Wales,2770,,,02 9675 8100,06.03.2006
1998,NSW Outside Storage,9300633019983,"Building 6, Stockland Dist Cnr Pine",Yennora,New South Wales,2161,-33.857655,150.970506,0401 136 608,15.09.2008
2902,BLDC Contingency Liquor WH,9300633029029,28 Quarry Road,Stapylton,Queensland,4207,-27.731594,153.241624,07 3380 9400,#
2903,Americold Freezer DC Murarrie,9300633029036,51 Alexandra Place,Murarrie,Queensland,4172,-27.461216,153.106607,07 3907 7281,01.10.1994
2904,Brismeat Marinating Manufactur,9300633029043,81 Berry Street,Churchill,Queensland,4305,-27.647417,152.743474,07 3202 2811,#
2905,Acacia Ridge Liquor DC,9300633029050,338 Bradman Street,Acacia Ridge,Queensland,4110,-27.593290,153.037488,07 X,#
2906,Americold Chilled DC Murarrie,9300633029067,51 Alexandra Place,Murarrie,Queensland,4172,,,#,29.10.2009
2909,Americold Meat DC Murarrie,9300633029098,51 Alexandra Place,Murarrie,Queensland,4172,,,07 3907 7281,23.02.2010
2912,Brisprom Variety Promotional W,9300633029128,South Pine Road,Everton Park,Queensland,4053,-27.408364,152.993163,07 3354 5444,#
2913,Ipswich DC (Brismeat),9300633029135,81 Berry Street,Churchill,Queensland,4305,,,07 3202 2811,01.10.2004
2915,Brismeat Primal Cutting,9300633029159,81 Berry Street,Churchill,Queensland,4305,,,07 3202 2811,21.02.1997
2916,Townsville Fresh,9300633029166,Jay Street,Bohle Townsville,Queensland,4818,-19.248420,146.738585,#,#
2917,Brismeat Value Added,9300633029173,Berry Street,Churchill,Queensland,4305,,,07 3202 2811,04.02.1997
2918,Brismeat Sausage Manufacturing,9300633029180,Berry Street,Churchill,Queensland,4305,,,07 3202 2811,21.02.1997
2919,Townsville Produce D.C.,9300633029197,Jay Street,Bohle Townsville,Queensland,4818,,,07 4753 3600,05.06.2009
2920,Acacia Ridge Ambient DC,9300633029203,338 Bradman Street,Acacia Ridge,Queensland,4110,,,07 X,28.10.2014
2922,MORNINGSIDE QLD MEAT MANUF,9300633029227,51 Alexandra Place,Murarrie,Queensland,4172,,,07 3907 7281,05.08.2009
2926,Brismeat Central Packaging,9300633029265,Berry Street,Churchill,Queensland,4305,,,07 3202 2811,06.12.2001
2943,Brismeat (Overhead),9300633029432,Berry Street,Churchill,Queensland,4305,,,07 3202 2811,26.09.2011
2950,Brisbane RDC - MILK,9300633029500,70 Distribution Street,Larapinta,Queensland,4110,-27.646080,153.006032,07 3907 7200,09.08.2010
2955,Brisbane Events DC,9300633029555,70 Distribution St,Larapinta,Queensland,4110,,,07 3809 1700,01.10.2011
2983,Brisbane LDC - Ambient,9300633029838,28 Quarry Road,Stapylton,Queensland,4207,,,07 3380 9400,13.01.2010
2984,Brisbane LDC - Liquor,9300633029845,28 Quarry Road,Stapylton,Queensland,4207,,,07 3380 9400,13.01.2010
2985,Brisbane RDC TC Bulk,9300633029852,70 Distribution Street,Larapinta,Queensland,4110,,,07 3809 1700,01.08.2009
2986,Brisbane RDC - Produce,9300633029869,70 Distribution Street,Larapinta,Queensland,4110,,,07 3809 1717,05.06.2009
2987,Brisbane RDC - Chilled,9300633029876,70 Distribution Street,Larapinta,Queensland,4110,,,#,11.07.2006
2990,Brisbane RDC - Confectionery,9300633029906,70 Distribution Street,Larapinta,Queensland,4110,,,07 3809 1700,27.10.2008
2991,Brisbane RDC-Security-Aerosols,9300633029913,70 Distribution Street,Larapinta,Queensland,4110,,,07 3809 1700,27.10.2008
2993,Brisbane RDC - Ambient,9300633029937,70 Distribution Street,Larapinta,Queensland,4110,,,#,11.09.2006
2994,Americold Chilled DC Murarrie,9300633029944,51 Alexandra Place,Murarrie,Queensland,4110,,,#,12.11.2007
2995,New Townsville RDC - Chilled,9300633029951,Jay Street,Bohle,Queensland,4818,,,07 4753 3600,31.12.2005
2996,New Townsville RDC - Produce,9300633029968,Jay Street,Bohle Townsville,Queensland,4818,,,07 4753 3600,#
2998,Brisbane P&O,9300633029982,1 Bingera Drive,"Port Brisbane, Fisherman Isl",Queensland,4178,-27.374586,153.180560,07 3895 9542,01.08.2009
3872,Thomas Dux Produce Virtual DC,9300633038724,"MELBOURNE MARKET PAD 6, W/H 9",Epping,Victoria,3076,,,03 9689 1408,#
3902,Hume D.C.                 L337,9300633039028,120 Northcorp Boulevarde,Broadmeadows,Victoria,3047,-37.677964,144.947857,03 9358-5625,01.07.1999
3907,Americold Laverton - Chilled D,9300633039073,73 Boundary Road,Laverton North,Victoria,3026,-37.814779,144.802198,#,21.01.2010
3908,Americold Laverton DC,9300633039080,73 Boundary Road,Laverton North,Victoria,3026,,,03 9296 1444,01.09.1998
3911,Melbourne NDC,9300633039110,522 Wellington Road,Mulgrave,Victoria,3170,-37.924090,145.183264,03 9263 2444,05.10.1998
3916,Americold Laverton Meat DC,9300633039165,73 Boundary Road,Laverton North,Victoria,3026,,,03 9296 1444,28.09.2007
3919,Mulgrave Produce DC,9300633039196,522 Wellington Road,Mulgrave,Victoria,3170,,,03 9263 2483,05.06.2009
3920,VIC Outside Storage,9300633039202,19 - 43 Enterprize Road,West Melbourne,Victoria,3003,-37.813539,144.931772,0403 368 227,19.12.2008
3921,Salvage Warehouse,9300633039219,522 Wellington Road,Mulgrave,Victoria,3170,,,03 9263 2444,#
3924,MNDC Milk DC,9300633039240,522 WELLINGTON ROAD,Mulgrave,Victoria,3170,,,#,09.03.2016
3926,Americold Laverton Milk DC,9300633039264,73 Boundary Road,Laverton North,Victoria,3026,,,#,#
3929,Americold Laverton - Fresh DC,9300633039295,73 Boundary Road,Laverton North,Victoria,3026,,,#,06.01.2010
3931,Wodonga RDC - C.A.R.S,9300633039318,28 Bilston Drive,Barnawartha North,Victoria,3691,-36.075651,146.718807,02 6042 8200,#
3933,Wodonga RDC - Ambient,9300633039332,28 Bilston Drive,Barnawartha,Victoria,3691,,,#,04.07.2005
3936,Wodonga RDC - Produce,9300633039363,28 Bilston Drive,Barnawartha,Victoria,3691,,,03 9263 2483,04.07.2005
3937,Wodonga RDC - Chilled,9300633039370,28 Bilston Drive,Barnawartha,Victoria,3691,,,#,07.08.2006
3938,Wodonga RDC - Frozen,9300633039387,28 Bilston Drive,Barnawartha,Victoria,3691,,,#,26.10.1998
3939,Wodonga RDC - Fresh,9300633039394,28 Bilston Drive,Barnawartha,Victoria,3691,,,#,09.11.2006
3943,Wodonga RDC - Liquor      L337,9300633039431,28 Bilston Drive,Barnawartha,Victoria,3691,,,#,15.12.2005
3945,Mulgrave Outside Storage,9300633039455,"Lot 1, 155 Union Road",Somerton,Victoria,3062,-37.632978,144.943214,#,15.10.2010
3949,Woolworths Victoria Meat Centr,9300633039493,"Lot 1, 267 Dohertys Road",Truganina,Victoria,3029,-37.827049,144.764129,03 9263 2444,#
3950,Wodonga RDC - Milk,9300633039509,28 Bilston Drive,Barnawartha,Victoria,3688,,,02 6042 8200,09.08.2010
3954,Americold Laverton Events DC,9300633039547,73-78 Boundary Road,Laverton North,Victoria,3029,,,03 9296 01444,14.10.2010
3955,MLDC - Events,9300633039554,40-58  Leakes Road,Laverton,Victoria,3026,-37.838720,144.769393,03 8345 8000,02.04.2012
3961,VIC General Administration,9300633039615,522 Wellington Road,Mulgrave,Victoria,3170,,,03 9263 2444,#
3963,Woolworths Mulgrave Support Of,9300633039639,522 Wellington Road,Mulgrave,Victoria,3170,,,03 9263 2444,#
3966,Gathercole Lamb Ops,9300633039660,1 Learmonth Rd,Patterson Lakes,Victoria,3197,-38.076479,145.151397,#,#
3967,Frew Lamb Chops,9300633039677,46 Abattoir Road,Stawell,Victoria,3380,-37.055307,142.757785,#,#
3979,Melbourne LDC - Ambient,9300633039790,40-48 Leakes Road,Laverton,Victoria,3026,,,#,19.06.2008
3981,Melbourne Ldc-liquor L33750719,9300633039813,40-58 Leakes Road,Laverton,Victoria,3026,,,#,20.06.2008
3985,Melbourne Ldc-NDC Liquor L3375,9300633039851,40-58 Leakes Road,Laverton,Victoria,3026,,,#,19.06.2008
3986,Melbourne RDC - Produce,9300633039868,522 Wellington Road,Mulgrave,Victoria,3170,,,03 9263 2444,22.06.2010
3989,MSRDC (Melbourne South RDC),9300633039899,2 Portlink Drive,Dandenong South,Victoria,3175,-38.054953,145.229943,#,01.11.2016
3991,Melbourne LDC - Bulk Beer L337,9300633039912,40-58 Leakes Road,Laverton,Victoria,3026,,,#,18.02.2009
3995,Melbourne South Regional DC,9300633039950,2 Portlink Drive,Dandenong South,Victoria,3175,,,#,#
3997,Melbourne Liquor RDC - Cellar,9300633039974,40-58 Leakes Road,Laverton,Victoria,3026,,,#,21.09.2011
3998,Melbourne LDC-DM-BWS-NDC-LIQ,9300633039981,40-58 Leakes Road,Laverton,Victoria,3026,,,03 X,29.04.2011
4548,4548 WA Test DC,9300633045487,X,Newman,Western Australia,4548,,,08 9876 5431,08.09.2010
4903,Americold Spearwood RDC Freeze,9300633049034,1 Quarimor Road,Spearwood,Western Australia,6163,-32.105714,115.800051,08 9418 3300,09.06.2006
4914,Corned Meat Manug,9300633049140,123 Kewdale Road,Kewdale,Western Australia,6105,-31.984443,115.953922,08 9351 5143,#
4916,Bunbury DC,9300633049164,North Boyanup Road,Bunbury,Western Australia,6230,,,08 9725 4844,16.05.1994
4917,Fremantle Meat Centre,9300633049171,35 Bennett Ave,Hamilton Hill,Western Australia,6163,-32.085251,115.756926,08 9336 2109,#
4918,Sausage Manufacturing,9300633049188,123 Kewdale Road,Kewdale,Western Australia,6105,,,08 9351 5143,#
4930,Perth RDC - Confectionery,9300633049300,20-60 Colquhoun Road,Perth International Airport,Western Australia,6105,-31.972939,115.969476,#,01.06.2017
4932,Perth RDC - SAM,9300633049324,20-60 Colquhoun Road,Perth International Airport,Western Australia,6105,,,#,04.07.2014
4933,Perth RDC - Ambient     L61601,9300633049331,20-60 Colquhoun Road,Perth International Airport,Western Australia,6105,,,08 9334 6401,31.12.2004
4934,Livestock Trading,9300633049348,123 Kewdale Road,Kewdale,Western Australia,6105,,,08 9351 5143,#
4935,Sausage Packing,9300633049355,123 Kewdale Road,Kewdale,Western Australia,6105,,,08 9351 5143,#
4936,Perth RDC - Produce,9300633049362,20-60 Colquhoun Road,Perth International Airport,Western Australia,6105,,,08 9334 6439,03.01.2005
4937,Perth RDC - Chilled,9300633049379,20-60 Colquhoun Road,Perth International Airport,Western Australia,6105,,,08 9334 6401,04.11.2004
4938,Perth RDC - Frozen,9300633049386,20-60 Colquhoun Road,Perth International Airport,Western Australia,6105,,,08 9334 6401,27.06.2005
4939,Perth RDC - Fresh,9300633049393,20-60 Colquhoun Road,Perth International Airport,Western Australia,6105,,,08 9334 6401,01.07.2005
4943,Perth RDC - Liquor,9300633049430,20-60 Colquhoun Road,Perth International Airport,Western Australia,6105,,,#,#
4988,Bunbury Meat DC,9300633049881,North Boyanup Road,Bunbury,Western Australia,6230,,,08 9725 4844,15.02.2010
4989,Bunbury Case Ready Meat,9300633049898,Rawlings Rd,Bunbury,Western Australia,6230,-33.362537,115.686750,61897254844,10.10.2011
5904,Dry Creek RDC Freezer Shed 1,9300633059040,6 Bradford Way,Dry Creek,South Australia,5094,-34.829626,138.594242,08 8206 5520,19.04.2006
5910,Adelaide RDC - Ambient,9300633059101,599 Main North Road,Gepps Cross,South Australia,5094,-34.838448,138.609592,08 8206 5520,23.06.1996
5911,Adelaide RDC - Liquor     L503,9300633059118,599 Main North Road,Gepps Cross,South Australia,5094,,,08 8206 5520,23.06.1996
5913,Adelaide RDC - Confectionery,9300633059132,599 Main North Road,Gepps Cross,South Australia,5094,,,08 8206 5520,17.07.2009
5914,Lobethal DC,9300633059149,Ridge Road,Lobethal,South Australia,5241,,,08 8389 5201,01.10.2004
5915,Adelaide RDC - Security,9300633059156,599 Main North Road,Gepps Cross,South Australia,5094,,,08 8206 5520,17.07.2009
5920,Limestone Wine Cellars,9300633059200,599 Main North Road,Gepps Cross,South Australia,5094,,,08 8206 5500,#
5936,Adelaide RDC - Produce,9300633059361,599 Main North Road,Gepps Cross,South Australia,5094,,,08 8206 5520,20.08.2005
5937,Adelaide RDC - Chilled,9300633059378,599 Main North Road,Gepps Cross,South Australia,5094,,,08 8206 5520,27.05.2005
5938,Adelaide RDC - Frozen,9300633059385,599 Main North Road,Gepps Cross,South Australia,5094,,,08 8206 5520,27.05.2005
5939,Adelaide RDC - Fresh,9300633059392,599 Main North Road,Gepps Cross,South Australia,5094,,,08 8206 5520,14.07.2005
5966,Lobethal Lamb Ops,9300633059668,PO Box 148,Lobethal,South Australia,5241,-34.902911,138.881015,#,#
5988,Adelaide RDC - Meat,9300633059880,599 Main North Road,Gepps Cross,South Australia,5094,,,08 8206 5611,27.04.2012
5998,Swires Freezer Dry Creek,9300633059989,2 Bradford Way,Dry Creek,South Australia,5094,-34.830020,138.592689,#,01.04.2012
7191,Devonport Produce DC,9300633071912,Brooke Road,East Devonport,Tasmania,7310,-41.175775,146.391869,03 6427 5108,05.06.2009
7193,TAS Sausage Distribution,9300633071936,PO Box 139,Booval,Queensland,4304,,,#,#
7380,Breadalbane DC - Siw,9300633073800,13 Richard Street,Breadalbane,Tasmania,7258,-41.536834,147.199806,#,01.02.1999
7381,Breadalbane Meat DC,9300633073817,13 Richard Street,Breadalbane,Tasmania,7258,,,03 6391 0300,18.04.2011
7386,Statewide - Tasmania,9300633073862,13 Richard Street,Breadalbane,Tasmania,7258,,,#,#
7931,TAS RDC-Security-Aerosols-DG,9300633079314,8 Translink Avenue,Western Junction,Tasmania,7212,-41.538147,147.190477,03 6391 0803,06.05.2013
7933,Tasmania RDC - Ambient,9300633079338,8 TRANSLINK AVENUE,WESTERN JUNCTION,Tasmania,7212,,,03 6391 0810,01.12.2011
7937,Tasmania RDC - Chilled,9300633079376,8 TRANSLINK AVENUE,WESTERN JUNCTION,Tasmania,7212,,,03 6391 0810,#
7938,Tasmania RDC - Frozen,9300633079383,8 TRANSLINK AVENUE,WESTERN JUNCTION,Tasmania,7212,,,03 6391 0810,#
7939,Tasmania RDC - Fresh,9300633079390,8 TRANSLINK AVENUE,WESTERN JUNCTION,Tasmania,7212,,,03 6391 0810,#
7943,Tasmania RDC - Liquor,9300633079437,8 TRANSLINK AVENUE,WESTERN JUNCTION,Tasmania,7212,,,03 6391 0810,12.01.2012
7986,Tasmania RDC - Produce,9300633079864,8 TRANSLINK AVENUE,WESTERN JUNCTION,Tasmania,7212,,,03 6391 0810,06.12.2013
7988,Tasmania RDC - Meat,9300633079888,8 TRANSLINK AVENUE,WESTERN JUNCTION,Tasmania,7212,,,03 6391 0810,#
,,,,,,,,,,
